{
  "manifest": {
    "publishingInformation": {
      "locales": {
        "en-US": {
          "summary": "Spend some time coming up with an interesting, succinct description.",
          "examplePhrases": [
            "Alexa open Wheel of Fun",
            "Alexa begin Wheel of Fun",
            "Alexa start Wheel of Fun"
          ],
          "keywords": [
            "spin-wheel",
            "fun",
            "game"
          ],
          "name": "Wheel-of-Fun-Localization",
          "description": "Sample Full Description"
        },
        "de-DE": {
          "name": "Wheel-of-Fun-Localization"
        },
        "en-GB": {
          "name": "Wheel-of-Fun-Localization"
        }
      },
      "isAvailableWorldwide": true,
      "testingInstructions": "Sample Testing Instructions.",
      "category": "EDUCATION_AND_REFERENCE",
      "distributionCountries": []
    },
    "apis": {
      "custom": {
        "endpoint": {
          "sourceDir": "lambda/custom",
          "uri": "ask-custom-Wheel-of-Fun-Localization-default"
        }
      }
    },
    "manifestVersion": "1.0",
    "permissions": [],
    "privacyAndCompliance": {
      "allowsPurchases": false,
      "isExportCompliant": true,
      "containsAds": false,
      "isChildDirected": false,
      "usesPersonalInfo": false
    }
  }
}
