{
  "manifest": {
    "apis": {
      "custom": {
        "endpoint": {
          "uri": "serverlessrepo-demo-kids-alexaskillskitnodejsfact-IJR80PDZBWG",
          "sourceDir": "lambda\\custom"
        },
        "interfaces": [
          {
            "type":"ALEXA_PRESENTATION_APL"
          }  
        ]
      }
    },
    "manifestVersion": "1.0",
    "privacyAndCompliance": {
      "locales": {
        "en-US": {}
      },
      "allowsPurchases": false,
      "usesPersonalInfo": false,
      "isChildDirected": false,
      "isExportCompliant": true,
      "containsAds": false
    },
    "publishingInformation": {
      "locales": {
        "en-US": {
          "name": "Kids Advice",
          "smallIconUri": "https://s3.amazonaws.com/CAPS-SSE/echo_developer/1c8b/60be5c2179164ef38dd66208beb1208c/APP_ICON?versionId=WVTzj7zKf4UcaFTXeontgHTxPeGLs95L&X-Amz-Algorithm=AWS4-HMAC-SHA256&X-Amz-Date=20190415T014449Z&X-Amz-SignedHeaders=host&X-Amz-Expires=86400&X-Amz-Credential=AKIAJFEYRBGIHK2BBYKA%2F20190415%2Fus-east-1%2Fs3%2Faws4_request&X-Amz-Signature=fa081819a5dd6128d9287fd32014754f30bd6b0b45eed1a1b32459e88593dff8",
          "largeIconUri": "https://s3.amazonaws.com/CAPS-SSE/echo_developer/fa7a/1496c5c7ef35495c8309ebe211e9a540/APP_ICON_LARGE?versionId=ZYiRU8SJptsJ6.WhjX9MEul9PLF7SQZW&X-Amz-Algorithm=AWS4-HMAC-SHA256&X-Amz-Date=20190415T014449Z&X-Amz-SignedHeaders=host&X-Amz-Expires=86400&X-Amz-Credential=AKIAJFEYRBGIHK2BBYKA%2F20190415%2Fus-east-1%2Fs3%2Faws4_request&X-Amz-Signature=79216d0c438dfe4ab7b1d87e279b32ba02e31f05842ad3d55795a6d202288b29",
          "summary": "Feeling in the mood for some laughs? Use Kids Advice to hear some hilarious advice from kids.",
          "description": "Feeling in the mood for some laughs? Use Kids Advice to hear some hilarious advice from kids. Here are some nuggets of wisdom from little ones.\n \nIf you want a kitten, start out by asking for a horse.\n\nWhen you get a bad grade in school, show it to your mom when she's on the phone.\n\nWhen your dad is mad and asks you, \"Do I look stupid?\" don't answer.\n\nTell us what you think at http://www.awesomeaariv.com",
          "examplePhrases": [
            "Alexa, open Kids Advice",
            "Alexa, start Kids Advice",
            "Alexa, begin Kids Advice"
          ],
          "keywords": [
            "advice",
            "funny-advice",
            "kids-advice",
            "advice-from-kids",
            "silly-advice"
          ]
        }
      },
      "isAvailableWorldwide": true,
      "testingInstructions": "Alexa, open Kids Advice",
      "category": "NOVELTY",
      "distributionCountries": []
    }
  }
}
