{
  "interactionModel": {
    "languageModel": {
      "invocationName": "kids advice",
      "intents": [
        {
          "name": "AMAZON.CancelIntent",
          "samples": []
        },
        {
          "name": "AMAZON.HelpIntent",
          "samples": []
        },
        {
          "name": "AMAZON.StopIntent",
          "samples": []
        },
        {
          "name": "AMAZON.NavigateHomeIntent",
          "samples": []
        },
        {
          "name": "AMAZON.FallbackIntent",
          "samples": []
        },
        {
          "name": "GetAdviceIntent",
          "slots": [],
          "samples": [
            "tell advice",
            "give advice",
            "give me some advice",
            "give me advice"
          ]
        },
        {
          "name": "AMAZON.YesIntent",
          "samples": [
            "uhuh"
          ]
        },
        {
          "name": "AMAZON.NoIntent",
          "samples": [
            "nah"
          ]
        }
      ],
      "types": []
    }
  }
}
