{
    "type": "APL",
    "version": "1.1",
    "settings": {},
    "theme": "dark",
    "import": [],
    "resources": [],
    "styles": {},
    "onMount": [],
    "graphics": {},
    "commands": {},
    "layouts": {},
    "mainTemplate": {
        "parameters": [
            "payload"
        ],
        "items": [
            {
                "type": "Video",
                "width": "100%",
                "height": "100%",
                "autoplay": true,
                "source": "http://techslides.com/demos/sample-videos/small.mp4",
                "scale": "best-fill"
            }
        ]
    }
}