{
  "interactionModel": {
      "languageModel": {
          "invocationName": "wheel of fun localization",
          "intents": [
              {
                  "name": "AMAZON.CancelIntent",
                  "samples": [
                      "no cancel",
                      "never mind",
                      "cancel"
                  ]
              },
              {
                  "name": "AMAZON.HelpIntent",
                  "samples": [
                      "help"
                  ]
              },
              {
                  "name": "AMAZON.StopIntent",
                  "samples": [
                      "you can stop",
                      "shut it off",
                      "goodbye",
                      "stop this game",
                      "no exit",
                      "no stop the game",
                      "exit game",
                      "i quit",
                      "stop game",
                      "leave game",
                      "quit game",
                      "quit the game",
                      "stop it stop",
                      "stop playing the game",
                      "stop playing stop playing",
                      "leave the game",
                      "yup stop",
                      "stop the game",
                      "i don't want to play",
                      "stop alexa",
                      "shut up alexa",
                      "stop thank you",
                      "turn off",
                      "no more",
                      "no stop",
                      "shut up",
                      "off",
                      "stop"
                  ]
              },
              {
                  "name": "AMAZON.NavigateHomeIntent",
                  "samples": [
                      "go to home screen",
                      "no go home",
                      "home screen",
                      "go home"
                  ]
              },
              {
                  "name": "AMAZON.FallbackIntent",
                  "samples": []
              },
              {
                  "name": "GetItemIntent",
                  "slots": [],
                  "samples": [
                      "i would like to spin the wheel",
                      "let's play real fortune",
                      "spin fast",
                      "send the wheel",
                      "spin the song",
                      "let's play the wheel fortune",
                      "yes spinning",
                      "yes spin the wheel",
                      "will of fortune",
                      "let's play the wheel of fortune",
                      "spin the other way",
                      "spin the wheel fun",
                      "let's play wheel",
                      "spin the wheel",
                      "can we play wheel of fortune",
                      "spin",
                      "spin the wheel of fortune",
                      "let's play wheel of fortune",
                      "spin the wheel of fun",
                      "give me something fun",
                      "give me something",
                      "give me some fun"
                  ]
              },
              {
                  "name": "AMAZON.YesIntent",
                  "samples": [
                      "the answer is yes",
                      "yes please good",
                      "yes spin the wheel",
                      "go ahead yes",
                      "yes i'm having fun",
                      "yes one more",
                      "spin again",
                      "yes okay",
                      "wow yes",
                      "all right",
                      "yeah go ahead",
                      "yup please",
                      "yes sure",
                      "go ahead",
                      "do it again",
                      "yes sure why not",
                      "yeah one more time",
                      "okay dokey yes",
                      "yeah yeah i do",
                      "yeah oh yeah",
                      "okey dokey",
                      "yes did you hear that",
                      "go alexa",
                      "please",
                      "okay dokey",
                      "yeah sure why not",
                      "keep going",
                      "spin the wheel again",
                      "yes yes yes yes yes",
                      "yes you should",
                      "sure one more",
                      "spin now",
                      "let's play wheel fortune",
                      "you spin the wheel",
                      "one more time please",
                      "i guess",
                      "ok yes",
                      "yes i do",
                      "yes definitely",
                      "yes i would",
                      "yup yes",
                      "fine",
                      "oh yes",
                      "yeah yes",
                      "yeah sure",
                      "yes ma'am",
                      "yeah yeah",
                      "okay",
                      "of course",
                      "yes please",
                      "yup",
                      "sure",
                      "yes yes",
                      "yeah",
                      "yes",
                      "latest yes",
                      "me yes",
                      "it is up to you",
                      "one more time",
                      "yes right",
                      "yes yes yes no",
                      "why not",
                      "yes yeah",
                      "yes is a game",
                      "it's a to you",
                      "sure yes",
                      "oh yeah",
                      "one more",
                      "maybe",
                      "we yes",
                      "yes is it",
                      "does that",
                      "yes of course",
                      "yes yes yes yes yes yes yes yes yes yes yes yes yes",
                      "can you do do",
                      "joy yes",
                      "one my time",
                      "yes i would like to",
                      "sure thing",
                      "uh yeah",
                      "yes yes yes",
                      "uhuh"
                  ]
              },
              {
                  "name": "AMAZON.NoIntent",
                  "samples": [
                      "no you don't have to",
                      "no thank you that's quite enough",
                      "no thank you alexa",
                      "no please don't",
                      "no probably not",
                      "no no thank you",
                      "i said no",
                      "absolutely not",
                      "nope",
                      "no no no",
                      "oh no",
                      "no thank you",
                      "no thanks",
                      "no no",
                      "no",
                      "nah"
                  ]
              }
          ],
          "types": []
      }
  }
}