{
    "type": "APL",
    "version": "1.1",
    "settings": {},
    "theme": "dark",
    "import": [
        {
            "name": "alexa-layouts",
            "version": "1.0.0"
        }
    ],
    "resources": [
        {
            "description": "Common margins and padding",
            "dimensions": {
                "marginLeft": 60,
                "marginRight": 60
            }
        }
    ],
    "styles": {},
    "onMount": [],
    "graphics": {},
    "commands": {},
    "layouts": {},
    "mainTemplate": {
        "parameters": [
            "payload"
        ],
        "items": [
            {
                "type": "Container",
                "height": "100vh",
                "items": [
                    {
                        "type": "Image",
                        "width": "100vw",
                        "height": "100vh",
                        "source": "https://kids-advice.s3.amazonaws.com/apl-wallpaper.jpg",
                        "scale": "best-fill",
                        "position": "absolute"
                    },
                    {
                        "type": "Container",
                        "justifyContent": "center",
                        "items": [
                            {
                                "type": "Text",
                                "style": "textStyleBody",
                                "paddingLeft": "@marginLeft",
                                "paddingRight": "@marginRight",
                                "textAlign": "center",
                                "text": "${payload.kidsAdviceData.properties.currentAdvice}"
                            }
                        ],
                        "grow": 1
                    }
                ]
            }
        ]
    }
}