{
  "manifest": {
    "apis": {
      "custom": {
        "endpoint": {
          "uri": "serverlessrepo-kids-advic-alexaskillskithowtoskill-24MFBO1WA2IO",
          "sourceDir": "lambda\\custom"
        },
        "interfaces": [
          {
            "type":"ALEXA_PRESENTATION_APL"
          }  
        ]
      }
    },
    "manifestVersion": "1.0",
    "privacyAndCompliance": {
      "locales": {
        "en-GB": {},
        "en-CA": {},
        "en-AU": {},
        "en-IN": {},
        "en-US": {}
      },
      "allowsPurchases": false,
      "usesPersonalInfo": false,
      "isChildDirected": false,
      "isExportCompliant": true,
      "containsAds": false
    },
    "publishingInformation": {
      "locales": {
        "en-US": {
          "name": "Kids Advice",
          "smallIconUri": "https://s3.amazonaws.com/CAPS-SSE/echo_developer/1c8b/60be5c2179164ef38dd66208beb1208c/APP_ICON?versionId=WVTzj7zKf4UcaFTXeontgHTxPeGLs95L&X-Amz-Algorithm=AWS4-HMAC-SHA256&X-Amz-Date=20190415T014449Z&X-Amz-SignedHeaders=host&X-Amz-Expires=86400&X-Amz-Credential=AKIAJFEYRBGIHK2BBYKA%2F20190415%2Fus-east-1%2Fs3%2Faws4_request&X-Amz-Signature=fa081819a5dd6128d9287fd32014754f30bd6b0b45eed1a1b32459e88593dff8",
          "largeIconUri": "https://s3.amazonaws.com/CAPS-SSE/echo_developer/fa7a/1496c5c7ef35495c8309ebe211e9a540/APP_ICON_LARGE?versionId=ZYiRU8SJptsJ6.WhjX9MEul9PLF7SQZW&X-Amz-Algorithm=AWS4-HMAC-SHA256&X-Amz-Date=20190415T014449Z&X-Amz-SignedHeaders=host&X-Amz-Expires=86400&X-Amz-Credential=AKIAJFEYRBGIHK2BBYKA%2F20190415%2Fus-east-1%2Fs3%2Faws4_request&X-Amz-Signature=79216d0c438dfe4ab7b1d87e279b32ba02e31f05842ad3d55795a6d202288b29",
          "summary": "Feeling in the mood for some laughs? Use Kids Advice to hear some hilarious advice from kids.",
          "description": "Feeling in the mood for some laughs? Use Kids Advice to hear some hilarious advice from kids. Here are some nuggets of wisdom from little ones.\n \nIf you want a kitten, start out by asking for a horse.\n\nWhen you get a bad grade in school, show it to your mom when she's on the phone.\n\nWhen your dad is mad and asks you, \"Do I look stupid?\" don't answer.\n\nTell us what you think at http://www.awesomeaariv.com",
          "examplePhrases": [
            "Alexa, open Kids Advice",
            "Alexa, start Kids Advice",
            "Alexa, begin Kids Advice"
          ],
          "keywords": [
            "advice",
            "funny-advice",
            "kids-advice",
            "advice-from-kids",
            "silly-advice"
          ]
        },
        "en-CA": {
          "name": "Kids Advice",
          "smallIconUri": "https://s3.amazonaws.com/CAPS-SSE/echo_developer/7d7e/e3f563f5dcec48f599792c16a871406f/APP_ICON?versionId=exmIF6xy9672LnwL1IFSqycCCJqGQhGi&X-Amz-Algorithm=AWS4-HMAC-SHA256&X-Amz-Date=20190415T014449Z&X-Amz-SignedHeaders=host&X-Amz-Expires=86400&X-Amz-Credential=AKIAJFEYRBGIHK2BBYKA%2F20190415%2Fus-east-1%2Fs3%2Faws4_request&X-Amz-Signature=9345c05b133a6531e8b83e5082a2157ecaf62197c8c5a75c569963c17d5eddef",
          "largeIconUri": "https://s3.amazonaws.com/CAPS-SSE/echo_developer/e83b/f03eb427bbf4458e9da0193ba712964d/APP_ICON_LARGE?versionId=sSFrbIzsZyS1luxDpUxybYAIlmeh0NBa&X-Amz-Algorithm=AWS4-HMAC-SHA256&X-Amz-Date=20190415T014449Z&X-Amz-SignedHeaders=host&X-Amz-Expires=86400&X-Amz-Credential=AKIAJFEYRBGIHK2BBYKA%2F20190415%2Fus-east-1%2Fs3%2Faws4_request&X-Amz-Signature=035b85bc6518c67bd041722213f8c44c9a030f312f2c0259ecf83e93a68d02d5",
          "summary": "Feeling in the mood for some laughs? Use Kids Advice to hear some hilarious advice from kids.",
          "description": "Feeling in the mood for some laughs? Use Kids Advice to hear some hilarious advice from kids. Here are some nuggets of wisdom from little ones.\n\nIf you want a kitten, start out by asking for a horse.\n\nWhen you get a bad grade in school, show it to your mom when she's on the phone.\n\nWhen your dad is mad and asks you, \"Do I look stupid?\" don't answer.\n\nTell us what you think at http://www.awesomeaariv.com",
          "examplePhrases": [
            "Alexa, open Kids Advice",
            "Alexa, start Kids Advice",
            "Alexa, begin Kids Advice"
          ],
          "keywords": [
            "advice",
            "funny-advice",
            "kids-advice",
            "advice-from-kids",
            "silly-advice"
          ]
        },
        "en-IN": {
          "name": "Kids Advice",
          "smallIconUri": "https://s3.amazonaws.com/CAPS-SSE/echo_developer/fdcf/1fa248e369094c9d80f1c89117d13e45/APP_ICON?versionId=bKa__PpAnGOMAazjjqZZEjB9W_85vlQz&X-Amz-Algorithm=AWS4-HMAC-SHA256&X-Amz-Date=20190415T014449Z&X-Amz-SignedHeaders=host&X-Amz-Expires=86400&X-Amz-Credential=AKIAJFEYRBGIHK2BBYKA%2F20190415%2Fus-east-1%2Fs3%2Faws4_request&X-Amz-Signature=fb082df9d65db0809f1b81d34b4601637397ca4daffac433a10089aad6a32985",
          "largeIconUri": "https://s3.amazonaws.com/CAPS-SSE/echo_developer/2028/950ca98de685460cbb5277cca0cf56ea/APP_ICON_LARGE?versionId=_ATm5aABrZa3be1Agt9MXPVAak7XAM3w&X-Amz-Algorithm=AWS4-HMAC-SHA256&X-Amz-Date=20190415T014449Z&X-Amz-SignedHeaders=host&X-Amz-Expires=86400&X-Amz-Credential=AKIAJFEYRBGIHK2BBYKA%2F20190415%2Fus-east-1%2Fs3%2Faws4_request&X-Amz-Signature=e152506026a7841754b80d33b3cdfc804e7d463e3cd9a5879dc2b811dba9d6af",
          "summary": "Feeling in the mood for some laughs? Use Kids Advice to hear some hilarious advice from kids.",
          "description": "Feeling in the mood for some laughs? Use Kids Advice to hear some hilarious advice from kids. Here are some nuggets of wisdom from little ones.\n\nIf you want a kitten, start out by asking for a horse.\n\nWhen you get a bad grade in school, show it to your mom when she's on the phone.\n\nWhen your dad is mad and asks you, \"Do I look stupid?\" don't answer.\n\nTell us what you think at http://www.awesomeaariv.com",
          "examplePhrases": [
            "Alexa, open Kids Advice",
            "Alexa, start Kids Advice",
            "Alexa, begin Kids Advice"
          ],
          "keywords": [
            "advice",
            "funny-advice",
            "kids-advice",
            "advice-from-kids",
            "silly-advice"
          ]
        },
        "en-AU": {
          "name": "Kids Advice",
          "smallIconUri": "https://s3.amazonaws.com/CAPS-SSE/echo_developer/e91b/24a19a9e58d7496682f4435fb6ef4835/APP_ICON?versionId=_xiD9xwasfMBLZlfSSmeB6TiO2tywMYE&X-Amz-Algorithm=AWS4-HMAC-SHA256&X-Amz-Date=20190415T014449Z&X-Amz-SignedHeaders=host&X-Amz-Expires=86400&X-Amz-Credential=AKIAJFEYRBGIHK2BBYKA%2F20190415%2Fus-east-1%2Fs3%2Faws4_request&X-Amz-Signature=089cc5553838b65efbf4edd80ac0ae1b83c983e78bceaf3dfc946b358e567ddf",
          "largeIconUri": "https://s3.amazonaws.com/CAPS-SSE/echo_developer/2f33/de82a873c70d45b3aec344d659a568dc/APP_ICON_LARGE?versionId=aE0onMNOmHfpJej7tnSqOU5RbQphVhvf&X-Amz-Algorithm=AWS4-HMAC-SHA256&X-Amz-Date=20190415T014449Z&X-Amz-SignedHeaders=host&X-Amz-Expires=86400&X-Amz-Credential=AKIAJFEYRBGIHK2BBYKA%2F20190415%2Fus-east-1%2Fs3%2Faws4_request&X-Amz-Signature=a37051edca20cdde9eede4c4e89d9dacdced84cdfaf2236a1f9645a7c641ca6e",
          "summary": "Feeling in the mood for some laughs? Use Kids Advice to hear some hilarious advice from kids.",
          "description": "Feeling in the mood for some laughs? Use Kids Advice to hear some hilarious advice from kids. Here are some nuggets of wisdom from little ones.\n\nIf you want a kitten, start out by asking for a horse.\n\nWhen you get a bad grade in school, show it to your mom when she's on the phone.\n\nWhen your dad is mad and asks you, \"Do I look stupid?\" don't answer.\n\nTell us what you think at http://www.awesomeaariv.com",
          "examplePhrases": [
            "Alexa, open Kids Advice",
            "Alexa, start Kids Advice",
            "Alexa, begin Kids Advice"
          ],
          "keywords": [
            "advice",
            "funny-advice",
            "kids-advice",
            "advice-from-kids",
            "silly-advice"
          ]
        },
        "en-GB": {
          "name": "Kids Advice",
          "smallIconUri": "https://s3.amazonaws.com/CAPS-SSE/echo_developer/2361/dde83e869f4844388e6b6868b32b269f/APP_ICON?versionId=bBVVBNCwgw00ww.ncDk5EjPbV5_.9_GA&X-Amz-Algorithm=AWS4-HMAC-SHA256&X-Amz-Date=20190415T014449Z&X-Amz-SignedHeaders=host&X-Amz-Expires=86400&X-Amz-Credential=AKIAJFEYRBGIHK2BBYKA%2F20190415%2Fus-east-1%2Fs3%2Faws4_request&X-Amz-Signature=5ed3d6b079f7259a7affdcffcc1f921f96720ab964ea75e97806e4d7ae542711",
          "largeIconUri": "https://s3.amazonaws.com/CAPS-SSE/echo_developer/ff99/11ed71e3323b4197bef8957f05f54a0b/APP_ICON_LARGE?versionId=zHdhsLoT69aL.KJSmhYwCZiVQVKaAmk5&X-Amz-Algorithm=AWS4-HMAC-SHA256&X-Amz-Date=20190415T014449Z&X-Amz-SignedHeaders=host&X-Amz-Expires=86400&X-Amz-Credential=AKIAJFEYRBGIHK2BBYKA%2F20190415%2Fus-east-1%2Fs3%2Faws4_request&X-Amz-Signature=acbf8bfd49da03a0a84aec7c434a6419c973da696f73084eece90cdf36815cd4",
          "summary": "Feeling in the mood for some laughs? Use Kids Advice to hear some hilarious advice from kids.",
          "description": "Feeling in the mood for some laughs? Use Kids Advice to hear some hilarious advice from kids. Here are some nuggets of wisdom from little ones.\n\nIf you want a kitten, start out by asking for a horse.\n\nWhen you get a bad grade in school, show it to your mom when she's on the phone.\n\nWhen your dad is mad and asks you, \"Do I look stupid?\" don't answer.\n\nTell us what you think at http://www.awesomeaariv.com",
          "examplePhrases": [
            "Alexa, open Kids Advice",
            "Alexa, start Kids Advice",
            "Alexa, begin Kids Advice"
          ],
          "keywords": [
            "advice",
            "funny-advice",
            "kids-advice",
            "advice-from-kids",
            "silly-advice"
          ]
        }
      },
      "isAvailableWorldwide": true,
      "testingInstructions": "Alexa, open Kids Advice",
      "category": "NOVELTY",
      "distributionCountries": []
    }
  }
}
